gu,dong,number,기준_년분기_코드,행정동_코드,집객시설_수,관공서_수,은행_수,종합병원_수,일반_병원_수,약국_수,유치원_수,초등학교_수,중학교_수,고등학교_수,대학교_수,백화점_수,슈퍼마켓_수,극장_수,숙박_시설_수,공항_수,철도_역_수,버스_터미널_수,지하철_역_수,버스_정거장_수,보증금(만원)_전세,임대료(만원)_전세,임대면적_전세,보증금(만원)_월세,임대료(만원)_월세,임대면적_월세
종로구,사직동,2299,20242,11110530,206,18.0,24.0,,,15.0,,1.0,,1.0,1.0,,,3.0,,,,,2.0,34.0,69250.0,0.0,87.7915625,19716.326530612245,161.75510204081633,81.96673469387756
종로구,삼청동,555,20242,11110540,49,10.0,4.0,,1.0,1.0,,,1.0,1.0,2.0,,,,,,,,,16.0,15115.384615384615,0.0,43.19846153846154,9941.176470588236,99.11764705882354,62.18117647058824
종로구,부암동,1674,20242,11110550,84,4.0,2.0,,,1.0,1.0,2.0,1.0,1.0,14.0,,,,,,,,,38.0,29313.157894736843,0.0,71.46736842105263,13187.09677419355,72.69354838709677,59.66629032258064
종로구,평창동,2260,20242,11110560,162,6.0,2.0,,1.0,5.0,1.0,,,1.0,2.0,,,,,,,,,91.0,41276.5,0.0,95.6355,12641.176470588236,106.94117647058825,81.52717647058823
종로구,무악동,707,20242,11110570,42,2.0,1.0,1.0,,4.0,1.0,1.0,,,,,,,,,,,1.0,7.0,63975.55555555556,0.0,83.51087301587302,23048.387096774197,134.38709677419354,77.84693548387096
종로구,교남동,1621,20242,11110580,78,4.0,3.0,2.0,,17.0,,,,1.0,1.0,,,,,,,,,26.0,,,,,,
종로구,가회동,921,20242,11110600,63,5.0,3.0,,,1.0,1.0,1.0,1.0,2.0,1.0,,,,,,,,,22.0,24333.33333333333,0.0,50.830000000000005,7361.9047619047615,108.9047619047619,69.74238095238096
종로구,종로1.2.3.4가동,3921,20242,11110615,500,19.0,35.0,,,47.0,1.0,2.0,,,4.0,,1.0,5.0,17.0,,,,5.0,72.0,,,,,,
종로구,종로5.6가동,2570,20242,11110630,212,7.0,8.0,,,31.0,,1.0,,,1.0,,4.0,,3.0,,,,1.0,23.0,,,,,,
종로구,이화동,2731,20242,11110640,119,4.0,4.0,1.0,,11.0,,,2.0,,37.0,,,,,,,,1.0,28.0,16147.058823529413,0.0,35.53,2342.1052631578946,53.47368421052632,31.10657894736842
종로구,창신1동,1547,20242,11110670,111,3.0,4.0,,,9.0,,2.0,,,,,1.0,,7.0,,,,2.0,11.0,,,,,,
종로구,창신2동,2031,20242,11110680,38,2.0,1.0,,,5.0,,,,,,,,,,,,,,,,,,,,
종로구,창신3동,946,20242,11110690,24,3.0,,,,1.0,,1.0,,1.0,,,,,,,,,1.0,5.0,,,,,,
종로구,숭인1동,1489,20242,11110700,43,3.0,1.0,,,3.0,1.0,,,,,,,,,,,,,14.0,,,,,,
종로구,숭인2동,4795,20242,11110710,89,4.0,3.0,,1.0,4.0,,,,,,,2.0,,3.0,,,,2.0,6.0,,,,,,
종로구,청운효자동,1964,20242,11110515,93,6.0,3.0,,,4.0,1.0,1.0,2.0,2.0,8.0,,,,,,,,,26.0,,,,,,
종로구,혜화동,5697,20242,11110650,145,6.0,5.0,,,16.0,3.0,1.0,1.0,4.0,26.0,,,1.0,,,,,,36.0,23630.555555555555,0.0,47.96666666666667,5523.381294964029,62.37410071942446,36.337697841726616
중구,소공동,738,20242,11140520,231,13.0,29.0,,,10.0,,1.0,4.0,3.0,,1.0,,3.0,3.0,,,,3.0,37.0,,,,,,
중구,회현동,1515,20242,11140540,211,9.0,17.0,,,16.0,1.0,,,,2.0,,2.0,1.0,2.0,,,,6.0,35.0,,,,,,
중구,명동,950,20242,11140550,542,20.0,46.0,,,35.0,,1.0,,,4.0,,,3.0,12.0,,,,1.0,29.0,,,,,,
중구,필동,1679,20242,11140570,123,6.0,9.0,1.0,,7.0,,2.0,,1.0,19.0,,,2.0,1.0,,,,2.0,15.0,,,,,,
중구,장충동,1918,20242,11140580,63,6.0,2.0,,,1.0,,1.0,,,3.0,,,1.0,2.0,,,,1.0,13.0,,,,,,
중구,광희동,2899,20242,11140590,185,3.0,16.0,1.0,,14.0,,,1.0,,,,1.0,3.0,11.0,,,,3.0,19.0,,,,,,
중구,을지로동,1548,20242,11140605,145,5.0,10.0,,,13.0,,,,,,,1.0,2.0,3.0,,,,4.0,20.0,,,,,,
중구,신당5동,2799,20242,11140650,65,4.0,2.0,,,5.0,,1.0,,2.0,,,,,,,,,,12.0,,,,,,
중구,황학동,4406,20242,11140670,76,1.0,6.0,,,10.0,,,,,,,,,7.0,,,,,6.0,34545.921524663674,0.0,49.01977578475336,7978.865714285715,83.53714285714285,38.87791428571429
중구,중림동,2751,20242,11140680,77,3.0,2.0,,,7.0,,1.0,,2.0,1.0,,,,5.0,,,,,14.0,26949.376744186047,0.0,31.237720930232555,6179.833333333333,76.02777777777777,29.478253968253966
중구,신당동,3131,20242,11140615,99,7.0,5.0,,1.0,12.0,,1.0,1.0,3.0,,,3.0,,1.0,,,,2.0,8.0,37059.38087105039,0.0,57.81828351836038,7271.58932853717,80.21702637889689,43.84773980815348
중구,다산동,3312,20242,11140625,86,3.0,4.0,,1.0,9.0,,1.0,1.0,1.0,,,,,1.0,,,,1.0,7.0,,,,,,
중구,약수동,3189,20242,11140635,87,4.0,2.0,,1.0,12.0,2.0,,,,,,,,,,,,2.0,12.0,,,,,,
중구,청구동,2566,20242,11140645,34,2.0,,,,3.0,1.0,2.0,1.0,1.0,,,,,,,,,,5.0,,,,,,
중구,동화동,1118,20242,11140665,47,3.0,1.0,,,5.0,,1.0,1.0,,,,,,,,,,2.0,4.0,,,,,,
용산구,후암동,4243,20242,11170510,80,6.0,1.0,,,7.0,1.0,2.0,,1.0,,,2.0,,,,,,,18.0,23436.48708487085,0.0,44.66647601476015,5279.576719576719,59.87830687830688,43.32814814814815
용산구,용산2가동,2786,20242,11170520,63,3.0,,,,4.0,,1.0,2.0,2.0,,,,,,,,,1.0,29.0,,,,,,
용산구,남영동,3723,20242,11170530,147,7.0,5.0,,,14.0,,,1.0,,,,,,12.0,,,,3.0,26.0,19638.88888888889,0.0,47.88555555555556,2700.0,52.5,25.096
용산구,원효로2동,2577,20242,11170570,69,4.0,2.0,,,4.0,2.0,1.0,1.0,1.0,,,2.0,,,,,,,27.0,,,,,,
용산구,효창동,1759,20242,11170580,66,1.0,1.0,,,5.0,,1.0,,1.0,1.0,,,,,,,,2.0,22.0,37145.454545454544,0.0,48.1060303030303,11767.055555555557,83.63675213675214,49.28448717948718
용산구,용문동,2136,20242,11170590,54,1.0,,,,3.0,,,,,,,,,,,,,,22.0,26584.6036036036,0.0,42.07536036036036,5287.732558139535,63.52325581395349,37.73703488372093
용산구,이촌1동,1810,20242,11170630,102,4.0,9.0,,1.0,12.0,2.0,1.0,1.0,1.0,,,1.0,,,,,,,14.0,,,,,,
용산구,이촌2동,1310,20242,11170640,26,2.0,,,,1.0,,,,,,,,,,,,,,11.0,,,,,,
용산구,이태원1동,1978,20242,11170650,71,8.0,5.0,,,3.0,,1.0,,,,,3.0,,,,,,1.0,14.0,,,,,,
용산구,이태원2동,2705,20242,11170660,60,8.0,5.0,,,3.0,1.0,1.0,,1.0,,,,,,,,,,22.0,,,,,,
용산구,서빙고동,1687,20242,11170690,61,15.0,1.0,,,1.0,,1.0,1.0,,,,,,,,,,1.0,21.0,59950.3125,0.0,101.4109375,16082.142857142857,155.05714285714285,90.26942857142856
용산구,보광동,3469,20242,11170700,70,4.0,1.0,,,8.0,1.0,,1.0,1.0,6.0,,,,,,,,,14.0,24823.612565445022,0.0,61.549528795811526,2171.412213740458,60.732824427480914,43.13980916030534
용산구,청파동,7001,20242,11170555,128,7.0,2.0,,1.0,11.0,,2.0,2.0,4.0,22.0,,1.0,,1.0,,,,,35.0,,,,,,
용산구,원효로1동,5170,20242,11170560,94,6.0,3.0,,,6.0,1.0,1.0,,,3.0,,4.0,,,,,,,31.0,,,,,,
용산구,한강로동,6056,20242,11170625,242,19.0,19.0,,,21.0,,2.0,,1.0,,,5.0,3.0,2.0,,,,7.0,41.0,,,,,,
용산구,한남동,4921,20242,11170685,171,30.0,11.0,1.0,,13.0,3.0,1.0,,,,,3.0,,,,,,2.0,36.0,75677.38723404256,0.0,76.73825531914895,19546.885869565216,291.1657608695652,72.33722826086957
성동구,왕십리2동,3002,20242,11200520,63,2.0,,,,5.0,1.0,1.0,,,,,,,,,,,1.0,18.0,,,,,,
성동구,마장동,5355,20242,11200540,111,6.0,5.0,,,8.0,2.0,2.0,2.0,,,,,,,,,,1.0,29.0,28822.80790960452,0.0,51.419293785310735,4241.826409495549,54.55192878338279,29.20339762611276
성동구,사근동,6165,20242,11200550,128,5.0,3.0,1.0,,10.0,,2.0,1.0,2.0,52.0,,1.0,,,,,,2.0,34.0,16834.265734265733,0.0,33.257202797202794,2648.922558922559,50.2020202020202,24.58838383838384
성동구,행당1동,2805,20242,11200560,130,9.0,4.0,,2.0,13.0,1.0,1.0,,,,,1.0,1.0,,,,,4.0,30.0,,,,,,
성동구,행당2동,2456,20242,11200570,79,2.0,2.0,,,4.0,1.0,1.0,1.0,1.0,,,,,,,,,1.0,24.0,,,,,,
성동구,응봉동,1618,20242,11200580,56,3.0,,,,2.0,,1.0,1.0,,,,,,,,,,1.0,30.0,38404.86068111455,0.0,68.98201238390092,11963.10465116279,103.33720930232558,66.11273255813953
성동구,금호1가동,2291,20242,11200590,88,2.0,,,,6.0,1.0,1.0,,1.0,,,,,,,,,1.0,45.0,,,,,,
성동구,금호4가동,2354,20242,11200620,84,3.0,3.0,,,6.0,1.0,2.0,,,,,,,,,,,1.0,27.0,,,,,,
성동구,성수1가1동,3313,20242,11200650,83,4.0,2.0,,,4.0,1.0,2.0,1.0,1.0,,,,1.0,,,,,1.0,33.0,,,,,,
성동구,성수1가2동,2767,20242,11200660,79,3.0,6.0,,,6.0,,,1.0,1.0,1.0,,,,,,,,1.0,12.0,,,,,,
성동구,성수2가1동,3887,20242,11200670,109,3.0,3.0,,,13.0,,1.0,2.0,1.0,,,2.0,,1.0,,,,,38.0,,,,,,
성동구,성수2가3동,2730,20242,11200690,104,3.0,16.0,,,11.0,,2.0,,,,,,1.0,,,,,1.0,20.0,,,,,,
성동구,송정동,2972,20242,11200720,44,2.0,,,1.0,5.0,,1.0,,,,,,,,,,,,17.0,21273.21153846154,0.0,43.05461538461539,3921.142433234421,49.281899109792285,32.30679525222552
성동구,용답동,5284,20242,11200790,82,7.0,2.0,,,8.0,,1.0,,,,,1.0,,,,,,2.0,11.0,20270.60185185185,0.0,28.52164814814815,3328.272363150868,59.504672897196265,29.331789052069425
성동구,왕십리도선동,5162,20242,11200535,189,4.0,4.0,,2.0,20.0,2.0,2.0,,2.0,,,,,,,,,,26.0,,,,,,
성동구,금호2.3가동,3598,20242,11200615,135,3.0,2.0,,,13.0,,1.0,,,,,,,,,,,,46.0,,,,,,
성동구,옥수동,3217,20242,11200645,129,4.0,2.0,,,10.0,2.0,2.0,1.0,1.0,,,,,,,,,2.0,45.0,60952.59424460432,0.0,77.7748345323741,18291.55833333333,174.945,70.76033333333334
광진구,화양동,14966,20242,11215710,167,3.0,5.0,1.0,,17.0,,2.0,2.0,1.0,34.0,,,1.0,,,,,2.0,16.0,17361.9265442404,0.0,26.5085141903172,2512.128903122498,57.28903122497999,22.51695356285028
광진구,군자동,7040,20242,11215730,135,5.0,5.0,,1.0,12.0,1.0,2.0,,,20.0,,,1.0,,,,,,23.0,19489.2807424594,0.0,35.33505800464037,4165.7248953974895,50.5428870292887,28.919571129707112
광진구,중곡1동,4885,20242,11215740,74,2.0,,,,10.0,1.0,,,,,,1.0,,,,,,,19.0,,,,,,
광진구,중곡2동,5225,20242,11215750,104,2.0,4.0,,,14.0,1.0,1.0,,,,,,,,,,,2.0,21.0,,,,,,
광진구,중곡3동,4463,20242,11215760,97,3.0,1.0,,1.0,9.0,,2.0,,,,,1.0,,,,,,1.0,29.0,,,,,,
광진구,중곡4동,5430,20242,11215770,105,2.0,2.0,,,7.0,,1.0,1.0,2.0,,,,,,,,,,37.0,,,,,,
광진구,능동,3927,20242,11215780,47,4.0,,,1.0,5.0,,1.0,,1.0,,,,,,,,,1.0,5.0,19817.728021978022,0.0,34.58456043956044,5274.218475073314,52.2991202346041,30.71900293255132
광진구,구의1동,7638,20242,11215850,77,2.0,4.0,,,9.0,1.0,,1.0,1.0,,,,,,,,,1.0,16.0,,,,,,
광진구,구의2동,4441,20242,11215860,112,3.0,2.0,,1.0,9.0,3.0,2.0,,,1.0,,,,,,,,1.0,24.0,,,,,,
광진구,구의3동,4375,20242,11215870,133,5.0,4.0,,,16.0,2.0,1.0,,,,,1.0,1.0,,,,1.0,1.0,25.0,,,,,,
광진구,광장동,2312,20242,11215810,139,5.0,9.0,,,9.0,3.0,3.0,3.0,1.0,11.0,,,,,,,,1.0,32.0,54981.47818499128,0.0,76.22308900523561,18983.696275071638,100.6704871060172,65.3358452722063
광진구,자양1동,6650,20242,11215820,106,3.0,4.0,1.0,,14.0,1.0,1.0,,,2.0,,,,,,,,,17.0,,,,,,
광진구,자양2동,4448,20242,11215830,95,2.0,1.0,,,8.0,2.0,4.0,2.0,1.0,,,1.0,,,,,,,21.0,,,,,,
광진구,자양3동,3224,20242,11215840,105,2.0,6.0,,,8.0,2.0,2.0,1.0,1.0,1.0,1.0,,1.0,,,,,,30.0,,,,,,
광진구,자양4동,6056,20242,11215847,106,5.0,2.0,,1.0,15.0,1.0,,1.0,,,,1.0,1.0,,,,,1.0,16.0,,,,,,
동대문구,회기동,4663,20242,11230710,84,3.0,5.0,1.0,,10.0,1.0,3.0,1.0,1.0,14.0,,,,,,,,,10.0,21542.022935779816,0.0,42.376009174311925,2644.572192513369,60.72014260249554,28.26180035650624
동대문구,휘경1동,4584,20242,11230720,82,2.0,1.0,,,12.0,,,,,,,,,1.0,,,,3.0,18.0,,,,,,
동대문구,휘경2동,6757,20242,11230730,84,5.0,1.0,1.0,,5.0,1.0,2.0,3.0,3.0,4.0,,,,,,,,,27.0,,,,,,
동대문구,청량리동,5353,20242,11230705,154,9.0,4.0,1.0,,16.0,2.0,1.0,1.0,1.0,1.0,,,,2.0,,,,,34.0,22870.977064220184,0.0,50.11706422018349,3410.668941979522,68.6160409556314,35.34448805460751
동대문구,용신동,12739,20242,11230536,231,10.0,8.0,1.0,4.0,20.0,1.0,1.0,1.0,1.0,,,1.0,,5.0,,,,5.0,41.0,,,,,,
동대문구,제기동,7614,20242,11230545,288,4.0,5.0,,1.0,22.0,2.0,2.0,2.0,1.0,1.0,,3.0,,14.0,,,,1.0,30.0,22393.287925696597,0.0,43.593839009287926,3286.337171052632,57.26809210526316,31.912171052631574
동대문구,전농1동,7804,20242,11230560,152,5.0,2.0,,1.0,13.0,3.0,1.0,1.0,1.0,,,,1.0,5.0,,,,3.0,35.0,,,,,,
동대문구,전농2동,2390,20242,11230570,102,2.0,2.0,,,12.0,3.0,3.0,2.0,1.0,27.0,,,,,,,,,15.0,,,,,,
동대문구,답십리2동,4702,20242,11230610,108,3.0,2.0,,2.0,13.0,3.0,1.0,,,,,3.0,,,,,,,19.0,,,,,,
동대문구,장안1동,8454,20242,11230650,192,5.0,11.0,,4.0,26.0,2.0,2.0,2.0,,,,,,,,,,1.0,43.0,,,,,,
동대문구,장안2동,5385,20242,11230660,168,3.0,2.0,,2.0,21.0,1.0,2.0,,1.0,1.0,,,1.0,1.0,,,,,38.0,,,,,,
동대문구,이문1동,6957,20242,11230740,147,5.0,2.0,,,13.0,3.0,,,2.0,30.0,,,,,,,,1.0,26.0,,,,,,
동대문구,이문2동,3342,20242,11230750,71,2.0,,,,6.0,1.0,1.0,,,2.0,,,,,,,,1.0,17.0,,,,,,
동대문구,답십리1동,5385,20242,11230600,124,4.0,5.0,,,9.0,,2.0,1.0,,,,,,,,,,,25.0,,,,,,
중랑구,면목2동,5974,20242,11260520,112,3.0,,,1.0,11.0,2.0,2.0,,,,,8.0,,1.0,,,,,25.0,,,,,,
중랑구,면목4동,3987,20242,11260540,61,2.0,,,,5.0,1.0,1.0,1.0,,,,,,,,,,1.0,15.0,,,,,,
중랑구,면목5동,2192,20242,11260550,42,2.0,1.0,,,3.0,,,,,,,4.0,,,,,,,13.0,,,,,,
중랑구,면목7동,4781,20242,11260570,108,2.0,2.0,,1.0,11.0,,1.0,,,,,1.0,,,,,,,18.0,,,,,,
중랑구,상봉1동,3546,20242,11260580,78,3.0,1.0,,1.0,8.0,2.0,1.0,2.0,1.0,,,,,,,,,4.0,12.0,,,,,,
중랑구,상봉2동,8018,20242,11260590,127,4.0,3.0,,1.0,10.0,,,,,,,,2.0,2.0,,,1.0,1.0,18.0,,,,,,
중랑구,중화1동,3625,20242,11260600,79,2.0,1.0,,1.0,7.0,1.0,2.0,2.0,1.0,,,,,,,,,,14.0,,,,,,
중랑구,중화2동,7506,20242,11260610,123,2.0,3.0,,,14.0,,,,,,,2.0,,,,,,3.0,32.0,,,,,,
중랑구,묵1동,5642,20242,11260620,144,4.0,2.0,,2.0,11.0,2.0,1.0,2.0,2.0,,,,,,,,,,34.0,,,,,,
중랑구,묵2동,4296,20242,11260630,92,3.0,4.0,,,7.0,,2.0,,,,,,1.0,,,,,1.0,19.0,,,,,,
중랑구,망우3동,3998,20242,11260660,54,1.0,1.0,,1.0,3.0,,2.0,,1.0,,,3.0,,,,,,,11.0,,,,,,
중랑구,신내1동,4067,20242,11260680,160,3.0,2.0,1.0,,13.0,2.0,2.0,,,,,,,,,,,1.0,53.0,,,,,,
중랑구,신내2동,3192,20242,11260690,104,6.0,3.0,,,12.0,3.0,4.0,,,,,,,,,,,,21.0,,,,,,
중랑구,면목본동,9335,20242,11260565,168,4.0,2.0,,,18.0,1.0,2.0,,,,,13.0,,1.0,,,,1.0,30.0,,,,,,
중랑구,면목3.8동,6289,20242,11260575,150,4.0,1.0,1.0,,17.0,1.0,2.0,2.0,1.0,8.0,,,,1.0,,,,1.0,34.0,,,,,,
중랑구,망우본동,8564,20242,11260655,238,9.0,4.0,1.0,4.0,25.0,1.0,2.0,3.0,4.0,,,9.0,,2.0,,,,2.0,54.0,,,,,,
성북구,돈암1동,1909,20242,11290580,42,1.0,,,,2.0,2.0,2.0,2.0,1.0,,,,,,,,,,15.0,,,,,,
성북구,돈암2동,1772,20242,11290590,88,4.0,2.0,,,4.0,6.0,1.0,,,,,,1.0,,,,,,38.0,,,,,,
성북구,안암동,7024,20242,11290600,167,4.0,6.0,1.0,1.0,10.0,,1.0,1.0,1.0,71.0,,,,,,,,1.0,35.0,,,,,,
성북구,보문동,3964,20242,11290610,77,4.0,4.0,,,6.0,,2.0,,,,,,,1.0,,,,2.0,10.0,,,,,,
성북구,정릉1동,2336,20242,11290620,63,2.0,,,,6.0,2.0,,,,1.0,,,,,,,,,19.0,,,,,,
성북구,정릉2동,3527,20242,11290630,110,4.0,3.0,,,6.0,1.0,2.0,,,,,,,,,,,1.0,50.0,,,,,,
성북구,정릉3동,4799,20242,11290640,124,4.0,1.0,,,2.0,,1.0,3.0,1.0,28.0,,,,,,,,,38.0,,,,,,
성북구,정릉4동,3975,20242,11290650,133,7.0,3.0,,,12.0,2.0,1.0,,2.0,11.0,,,,,,,,1.0,40.0,,,,,,
성북구,길음1동,2568,20242,11290660,129,3.0,4.0,,,10.0,2.0,3.0,1.0,1.0,,,1.0,,,,,,1.0,26.0,,,,,,
성북구,길음2동,2461,20242,11290685,112,5.0,,,3.0,14.0,,,,,,,,,,,,,,23.0,,,,,,
성북구,월곡1동,3506,20242,11290715,108,2.0,3.0,,,10.0,,2.0,1.0,1.0,,,,,1.0,,,,,30.0,,,,,,
성북구,월곡2동,4866,20242,11290725,135,6.0,4.0,,,12.0,2.0,,1.0,,12.0,,,,,,,,2.0,34.0,,,,,,
성북구,장위1동,4134,20242,11290760,103,4.0,1.0,,,8.0,6.0,1.0,1.0,,,,,,,,,,,37.0,,,,,,
성북구,장위2동,3044,20242,11290770,89,3.0,2.0,,,11.0,1.0,3.0,,,,,,,,,,,1.0,27.0,,,,,,
성북구,장위3동,2143,20242,11290780,82,1.0,,,,5.0,1.0,2.0,1.0,,1.0,,1.0,,,,,,,39.0,,,,,,
성북구,성북동,4136,20242,11290525,166,6.0,4.0,,,6.0,2.0,1.0,3.0,2.0,5.0,,,,,,,,,55.0,24189.7,0.0,50.013450000000006,6553.225806451613,75.59354838709677,47.50916129032258
성북구,삼선동,5988,20242,11290555,163,7.0,5.0,,,14.0,,1.0,1.0,2.0,14.0,,,,,,,,2.0,46.0,,,,,,
성북구,동선동,6649,20242,11290575,146,1.0,4.0,,1.0,13.0,1.0,2.0,2.0,1.0,12.0,,,1.0,,,,,1.0,19.0,,,,,,
성북구,종암동,6822,20242,11290705,189,7.0,2.0,,1.0,17.0,3.0,2.0,2.0,1.0,2.0,,,,,,,,,56.0,28998.099593495936,0.0,56.2234349593496,6122.02124430956,66.44613050075873,44.98881638846738
성북구,석관동,7396,20242,11290810,154,6.0,3.0,,,16.0,2.0,2.0,1.0,1.0,,,1.0,,2.0,,,,2.0,32.0,24941.073504273503,0.0,46.22126495726496,5400.071684587813,49.78136200716846,41.42421146953405
강북구,번1동,6027,20242,11305595,136,3.0,3.0,,1.0,14.0,1.0,1.0,1.0,,,,,1.0,,,,,,30.0,,,,,,
강북구,번2동,3184,20242,11305603,110,5.0,,,,7.0,1.0,,1.0,,,,,,1.0,,,,,54.0,,,,,,
강북구,번3동,2919,20242,11305608,95,3.0,1.0,,,8.0,,2.0,,,,,,,,,,,,37.0,,,,,,
강북구,수유1동,5248,20242,11305615,153,4.0,2.0,,,12.0,,2.0,3.0,1.0,,,1.0,,,,,,1.0,40.0,,,,,,
강북구,수유2동,4017,20242,11305625,85,3.0,,,,12.0,3.0,,,,,,,,,,,,1.0,15.0,,,,,,
강북구,수유3동,8157,20242,11305635,158,4.0,6.0,,1.0,16.0,,,1.0,,,,,1.0,,,,,1.0,30.0,,,,,,
강북구,삼양동,4675,20242,11305534,165,4.0,1.0,,,14.0,3.0,2.0,,1.0,,,,,,,,,3.0,34.0,,,,,,
강북구,미아동,6541,20242,11305535,144,3.0,3.0,,1.0,14.0,,,,1.0,4.0,,,,,,,,1.0,28.0,23881.426039119804,0.0,57.32729828850856,4128.278793418647,50.95063985374772,41.0582084095064
강북구,송중동,6280,20242,11305545,212,4.0,1.0,,2.0,18.0,4.0,2.0,,1.0,2.0,1.0,,1.0,,,,,,69.0,,,,,,
강북구,송천동,6472,20242,11305555,164,9.0,5.0,,1.0,17.0,,1.0,2.0,2.0,,,2.0,,,,,,1.0,24.0,,,,,,
강북구,삼각산동,2743,20242,11305575,114,2.0,1.0,,,9.0,1.0,,1.0,1.0,1.0,,,,,,,,,36.0,,,,,,
강북구,우이동,3985,20242,11305645,132,2.0,,,,7.0,1.0,,1.0,,2.0,,,,,,,,3.0,54.0,18628.349514563102,0.0,59.312233009708734,4268.064285714286,49.07142857142857,44.22678571428571
강북구,인수동,6118,20242,11305660,175,13.0,2.0,1.0,2.0,14.0,2.0,2.0,2.0,,5.0,,1.0,,,,,,,57.0,,,,,,
도봉구,쌍문1동,3519,20242,11320660,126,6.0,1.0,,1.0,4.0,1.0,3.0,,1.0,17.0,,,,,,,,,54.0,,,,,,
도봉구,쌍문2동,3369,20242,11320670,87,3.0,1.0,,1.0,10.0,1.0,1.0,1.0,,,,,,2.0,,,,,19.0,,,,,,
도봉구,쌍문3동,3771,20242,11320680,78,3.0,3.0,1.0,,12.0,,,1.0,,,,,,1.0,,,,1.0,17.0,,,,,,
도봉구,쌍문4동,1776,20242,11320681,64,1.0,,,,4.0,5.0,2.0,2.0,3.0,,,,,,,,,,23.0,,,,,,
도봉구,방학1동,5345,20242,11320690,148,6.0,6.0,,2.0,15.0,2.0,1.0,1.0,1.0,,,,,,,,,1.0,39.0,,,,,,
도봉구,방학2동,3987,20242,11320700,64,3.0,,,,7.0,,1.0,1.0,,,,,,,,,,,23.0,,,,,,
도봉구,방학3동,2164,20242,11320710,112,3.0,3.0,,,6.0,3.0,3.0,1.0,,,,,,,,,,,47.0,,,,,,
도봉구,창1동,4221,20242,11320511,94,3.0,2.0,,,7.0,1.0,1.0,2.0,1.0,,,,,,,,,1.0,28.0,,,,,,
도봉구,창2동,4412,20242,11320512,95,3.0,,,1.0,8.0,1.0,1.0,,,,,,,,,,,,44.0,,,,,,
도봉구,창3동,2745,20242,11320513,66,1.0,,,,7.0,1.0,2.0,,,,,1.0,,,,,,,25.0,,,,,,
도봉구,창4동,3543,20242,11320514,130,7.0,4.0,,,8.0,1.0,2.0,1.0,2.0,,,,,,,,,,51.0,,,,,,
도봉구,창5동,3415,20242,11320515,119,7.0,3.0,,3.0,12.0,1.0,3.0,,,,,,2.0,,,,,2.0,24.0,,,,,,
도봉구,도봉1동,4691,20242,11320521,122,4.0,1.0,,,9.0,2.0,2.0,1.0,1.0,2.0,,1.0,,,,,,,38.0,,,,,,
도봉구,도봉2동,4254,20242,11320522,127,8.0,3.0,,,7.0,1.0,1.0,1.0,1.0,1.0,,,,1.0,,,,3.0,49.0,,,,,,
노원구,월계1동,4604,20242,11350560,159,4.0,2.0,,,10.0,2.0,1.0,1.0,1.0,17.0,,,,,,,,,59.0,,,,,,
노원구,월계2동,4449,20242,11350570,136,4.0,,,,5.0,3.0,2.0,3.0,4.0,11.0,,,,,,,,1.0,64.0,,,,,,
노원구,월계3동,4519,20242,11350580,135,5.0,3.0,,,8.0,4.0,3.0,1.0,,,,,,,,,,2.0,47.0,,,,,,
노원구,공릉2동,6509,20242,11350600,271,7.0,6.0,1.0,,14.0,3.0,4.0,4.0,2.0,64.0,,1.0,,,,,,1.0,63.0,,,,,,
노원구,하계1동,5388,20242,11350611,133,4.0,3.0,1.0,,9.0,1.0,1.0,2.0,4.0,16.0,,,,,,,,,41.0,,,,,,
노원구,하계2동,1997,20242,11350612,67,2.0,1.0,,,4.0,2.0,2.0,1.0,,,,,,,,,,1.0,28.0,,,,,,
노원구,중계본동,1788,20242,11350619,95,5.0,2.0,,,7.0,3.0,2.0,,3.0,,,,,,,,,,21.0,,,,,,
노원구,중계1동,1516,20242,11350621,85,2.0,3.0,,,7.0,,2.0,1.0,2.0,,,,,,,,,,18.0,,,,,,
노원구,중계4동,2859,20242,11350624,81,2.0,3.0,,,14.0,1.0,1.0,3.0,2.0,,,,,,,,,,6.0,,,,,,
노원구,상계1동,4931,20242,11350630,190,5.0,2.0,,,14.0,3.0,3.0,2.0,1.0,,,,1.0,,,,,1.0,38.0,,,,,,
노원구,상계2동,3430,20242,11350640,182,2.0,1.0,,2.0,19.0,1.0,1.0,1.0,,,,,1.0,,,,,2.0,33.0,,,,,,
노원구,상계5동,4495,20242,11350670,105,2.0,1.0,,,11.0,,1.0,,,,,,,3.0,,,,1.0,36.0,,,,,,
노원구,상계8동,2459,20242,11350700,92,3.0,3.0,,,7.0,,,1.0,,,,,,,,,,1.0,15.0,,,,,,
노원구,상계9동,2494,20242,11350710,78,3.0,4.0,,,6.0,1.0,3.0,2.0,2.0,,,,,,,,,,18.0,,,,,,
노원구,상계10동,2217,20242,11350720,64,3.0,,,,1.0,1.0,2.0,1.0,1.0,,,,,,,,,,30.0,,,,,,
노원구,상계3.4동,4803,20242,11350665,107,4.0,1.0,,,9.0,3.0,2.0,,,1.0,,,,2.0,,,,1.0,11.0,,,,,,
노원구,상계6.7동,4969,20242,11350695,253,9.0,11.0,1.0,1.0,29.0,,3.0,2.0,1.0,4.0,,,1.0,,,,,,40.0,,,,,,
노원구,중계2.3동,5558,20242,11350625,142,7.0,2.0,,,10.0,4.0,4.0,1.0,3.0,,,,2.0,,,,,1.0,39.0,,,,,,
노원구,공릉1동,9475,20242,11350595,211,4.0,6.0,,4.0,21.0,3.0,3.0,,,1.0,,1.0,,,,,,3.0,54.0,,,,,,
은평구,녹번동,7717,20242,11380510,148,8.0,3.0,,2.0,12.0,1.0,3.0,,,,,1.0,1.0,,,,,2.0,35.0,29122.723021582733,0.0,54.13937649880096,6982.256169212691,52.407755581668624,43.20816686251469
은평구,불광1동,7213,20242,11380520,198,6.0,4.0,,1.0,17.0,4.0,2.0,,,,,,1.0,,,,,3.0,49.0,,,,,,
은평구,갈현1동,3528,20242,11380551,133,2.0,2.0,1.0,,13.0,1.0,,,,,,,,,,,,2.0,48.0,,,,,,
은평구,갈현2동,4777,20242,11380552,121,3.0,1.0,,1.0,15.0,5.0,2.0,1.0,5.0,,,,,,,,,1.0,34.0,,,,,,
은평구,구산동,4879,20242,11380560,127,3.0,,,1.0,8.0,3.0,3.0,2.0,3.0,,,,,,,,,,38.0,21118.80503144654,0.0,54.303270440251566,4469.628361858191,47.98533007334963,40.01528117359413
은평구,대조동,8550,20242,11380570,205,3.0,5.0,,1.0,24.0,,2.0,,2.0,,,,1.0,,,,,,32.0,18583.23970037453,0.0,38.79956928838951,4465.497297297297,46.472432432432434,31.59527567567568
은평구,응암1동,6194,20242,11380580,133,5.0,5.0,,1.0,20.0,1.0,1.0,1.0,1.0,,,,,,,,,,27.0,,,,,,
은평구,응암2동,3108,20242,11380590,91,3.0,1.0,,1.0,10.0,2.0,1.0,,,,,,,,,,,,37.0,,,,,,
은평구,신사1동,4534,20242,11380631,94,3.0,,,,8.0,3.0,,1.0,,5.0,,,,,,,,1.0,22.0,,,,,,
은평구,신사2동,3430,20242,11380632,82,4.0,,,,5.0,,3.0,1.0,1.0,,,,,,,,,1.0,35.0,,,,,,
은평구,증산동,2839,20242,11380640,83,3.0,,,,8.0,1.0,1.0,2.0,,,,2.0,,,,,,1.0,16.0,31704.75609756097,0.0,63.74922764227642,5738.701570680629,65.16753926701571,48.08984293193717
은평구,수색동,2310,20242,11380650,60,5.0,2.0,,,5.0,1.0,1.0,,,,,2.0,,,,,,1.0,22.0,44147.28571428572,0.0,70.55302521008403,10716.908304498267,67.83044982698962,55.15437716262976
은평구,진관동,6550,20242,11380690,242,6.0,6.0,,,22.0,6.0,6.0,2.0,4.0,,,,1.0,,,,,1.0,81.0,33971.03100158983,0.0,73.06691573926868,6318.111265646731,53.51599443671766,40.33474965229485
은평구,불광2동,7026,20242,11380530,113,6.0,1.0,,,5.0,,3.0,3.0,1.0,,,3.0,,,,,,,32.0,,,,,,
은평구,응암3동,6421,20242,11380600,138,3.0,3.0,,1.0,16.0,1.0,1.0,2.0,1.0,,,2.0,,,,,,,31.0,,,,,,
은평구,역촌동,8493,20242,11380625,176,5.0,5.0,,2.0,18.0,2.0,1.0,,,,,,,,,,,,51.0,18675.75148809524,0.0,46.55099702380952,4091.038901601831,49.74370709382151,38.69974828375286
서대문구,천연동,3070,20242,11410520,127,4.0,1.0,,,4.0,,1.0,1.0,1.0,11.0,,,,1.0,,,,,44.0,34255.07246376811,0.0,54.036811594202895,7343.617021276596,71.12765957446808,44.97648936170213
서대문구,홍제1동,4104,20242,11410620,135,3.0,2.0,,,10.0,2.0,2.0,,,1.0,,,,1.0,,,,1.0,40.0,,,,,,
서대문구,홍제3동,3028,20242,11410640,129,3.0,3.0,,2.0,14.0,1.0,2.0,1.0,,3.0,,4.0,,6.0,,,,1.0,46.0,,,,,,
서대문구,홍제2동,1966,20242,11410655,56,1.0,,,,6.0,3.0,,,,,,,,1.0,,,,,15.0,,,,,,
서대문구,홍은1동,3452,20242,11410660,86,3.0,,,,7.0,1.0,1.0,,,,,,,1.0,,,,,32.0,,,,,,
서대문구,홍은2동,5355,20242,11410685,161,4.0,2.0,1.0,,8.0,,2.0,3.0,1.0,12.0,,,,,,,,,83.0,,,,,,
서대문구,남가좌1동,1386,20242,11410690,94,2.0,3.0,,1.0,9.0,,1.0,,,,,1.0,,1.0,,,,1.0,20.0,,,,,,
서대문구,남가좌2동,5541,20242,11410700,117,4.0,4.0,,,12.0,4.0,1.0,1.0,,8.0,,,,,,,,,24.0,,,,,,
서대문구,북가좌1동,1689,20242,11410710,60,1.0,2.0,,,5.0,2.0,1.0,1.0,1.0,,,,,,,,,,13.0,,,,,,
서대문구,북가좌2동,6091,20242,11410720,115,3.0,3.0,,,12.0,2.0,,,,,,,,,,,,,39.0,,,,,,
서대문구,충현동,5167,20242,11410565,184,9.0,8.0,,,7.0,1.0,3.0,1.0,2.0,24.0,,,,,,,,3.0,58.0,,,,,,
서대문구,북아현동,2779,20242,11410555,76,2.0,2.0,,1.0,7.0,1.0,1.0,,1.0,,,,,,,,,,17.0,44229.73716012084,0.0045317220543806,62.9659667673716,11203.56976744186,87.11627906976744,49.64936877076412
서대문구,신촌동,11872,20242,11410585,368,6.0,10.0,1.0,,22.0,1.0,3.0,1.0,1.0,109.0,1.0,,4.0,3.0,,,,2.0,60.0,23000.0,0.0,66.975,1226.6666666666667,55.03333333333333,25.172666666666665
서대문구,연희동,10616,20242,11410615,201,7.0,7.0,,1.0,16.0,,1.0,3.0,1.0,13.0,,,1.0,1.0,,,,,70.0,25718.76953907816,0.0,53.55,4398.833721833722,65.97202797202797,35.505827505827504
마포구,용강동,3509,20242,11440590,90,7.0,6.0,,1.0,10.0,2.0,1.0,,,,,,,,,,,1.0,24.0,58138.744525547445,0.0,64.23810218978103,19006.0375,105.9,54.5131875
마포구,대흥동,5669,20242,11440600,209,5.0,5.0,,,18.0,,3.0,1.0,1.0,27.0,,,,3.0,,,,3.0,38.0,46568.22085889571,0.0,56.37699386503068,9113.6864608076,80.37054631828978,40.616912114014255
마포구,염리동,3330,20242,11440610,52,3.0,1.0,,,3.0,1.0,1.0,2.0,3.0,,,,,2.0,,,,,10.0,45239.19847328244,0.0,50.86387786259542,10697.379373848988,87.94290976058932,43.4975138121547
마포구,신수동,4000,20242,11440630,76,4.0,1.0,,1.0,5.0,1.0,1.0,1.0,1.0,,,,,,,,,,24.0,46276.12569832402,0.0,57.449050279329605,9841.728370221328,71.77867203219316,41.78386317907445
마포구,서교동,10329,20242,11440660,358,13.0,22.0,,,31.0,1.0,1.0,,,2.0,,,5.0,3.0,,,,7.0,88.0,26269.36395759717,0.1766784452296819,43.158127208480565,5070.282828282829,67.68181818181819,33.904141414141414
마포구,합정동,5168,20242,11440680,109,4.0,3.0,,,10.0,1.0,1.0,1.0,,,,,,,,,,,32.0,26852.13888888889,0.0,43.33438888888889,5934.477611940299,71.66003316749585,36.89374792703151
마포구,망원1동,5246,20242,11440690,95,2.0,2.0,,,11.0,,,,,,,,,1.0,,,,,23.0,,,,,,
마포구,망원2동,3391,20242,11440700,83,4.0,1.0,,,6.0,1.0,2.0,,,,,,,,,,,,33.0,,,,,,
마포구,연남동,5027,20242,11440710,52,2.0,1.0,,,2.0,1.0,,1.0,2.0,,,,,,,,,,23.0,25732.12550607288,0.0,47.22080971659919,3385.915057915058,71.0965250965251,34.56666666666666
마포구,성산1동,4709,20242,11440720,86,4.0,2.0,,,5.0,1.0,2.0,2.0,1.0,1.0,,,,1.0,,,,,29.0,,,,,,
마포구,성산2동,9559,20242,11440730,158,6.0,3.0,,,13.0,2.0,3.0,2.0,,,,1.0,1.0,,,,,2.0,47.0,,,,,,
마포구,상암동,4742,20242,11440740,247,10.0,11.0,,,14.0,3.0,3.0,1.0,1.0,,,1.0,,,,,,4.0,104.0,34144.6671388102,0.0,61.76543909348442,4733.0283933518,89.23684210526316,42.7410595567867
마포구,도화동,3676,20242,11440585,144,4.0,7.0,,,15.0,2.0,1.0,,,,,,1.0,1.0,,,,1.0,38.0,41309.15145631068,0.0,67.04745631067962,7591.065743944637,92.93425605536332,49.19484429065744
마포구,서강동,5955,20242,11440655,156,6.0,4.0,,,7.0,1.0,1.0,,,20.0,,,,,,,,2.0,64.0,,,,,,
마포구,공덕동,9273,20242,11440565,172,7.0,9.0,,,21.0,1.0,3.0,,,,,2.0,,,,,,4.0,39.0,43088.24841772152,0.0316455696202531,56.72729430379747,10858.95294117647,73.97516339869281,40.81552941176471
마포구,아현동,3923,20242,11440555,145,5.0,8.0,,,16.0,1.0,1.0,1.0,1.0,,,,,1.0,,,,2.0,23.0,57848.60116448326,0.0,64.66087336244541,16516.891304347828,119.82608695652172,53.33701863354037
양천구,목1동,1687,20242,11470510,190,5.0,12.0,,1.0,21.0,1.0,1.0,1.0,1.0,2.0,,,2.0,,,,,2.0,29.0,,,,,,
양천구,목2동,5523,20242,11470520,97,3.0,2.0,,1.0,13.0,3.0,1.0,,,,,,,1.0,,,,1.0,18.0,,,,,,
양천구,목3동,4260,20242,11470530,96,3.0,4.0,,,11.0,1.0,,1.0,,,,,,,,,,,7.0,,,,,,
양천구,목4동,3315,20242,11470540,84,3.0,3.0,,,9.0,1.0,1.0,1.0,1.0,,,,,,,,,,14.0,,,,,,
양천구,신월1동,4880,20242,11470560,71,3.0,3.0,,,12.0,1.0,,,,,,,,,,,,,9.0,,,,,,
양천구,신월2동,2763,20242,11470570,65,3.0,1.0,,,6.0,1.0,2.0,2.0,,,,,,,,,,,12.0,,,,,,
양천구,신월3동,4140,20242,11470580,70,2.0,1.0,,,7.0,1.0,1.0,2.0,3.0,,,,,,,,,,8.0,,,,,,
양천구,신월4동,1722,20242,11470590,63,2.0,1.0,,,6.0,3.0,1.0,,,,,,,,,,,,11.0,,,,,,
양천구,신월5동,2494,20242,11470600,54,3.0,,,1.0,3.0,2.0,1.0,2.0,,,,,,,,,,,12.0,,,,,,
양천구,신월6동,1266,20242,11470610,47,1.0,2.0,,1.0,5.0,1.0,1.0,1.0,,,,,,,,,,,15.0,,,,,,
양천구,신월7동,3630,20242,11470611,74,6.0,1.0,,,10.0,2.0,,1.0,,,,,,,,,,,21.0,,,,,,
양천구,신정1동,1380,20242,11470620,94,7.0,3.0,,,9.0,2.0,2.0,1.0,,,,,,,,,,,26.0,,,,,,
양천구,신정2동,1596,20242,11470630,71,3.0,1.0,,,7.0,1.0,2.0,1.0,,,,,,,,,,,20.0,,,,,,
양천구,신정3동,5530,20242,11470640,203,4.0,1.0,,,15.0,1.0,3.0,1.0,4.0,,,,,,,,,1.0,81.0,,,,,,
양천구,신정6동,1176,20242,11470670,72,7.0,6.0,,,2.0,2.0,,1.0,1.0,,,,,,,,,,31.0,,,,,,
양천구,신정7동,3426,20242,11470680,107,3.0,2.0,,,8.0,3.0,3.0,1.0,1.0,,,,,,,,,1.0,30.0,,,,,,
양천구,목5동,1778,20242,11470550,143,8.0,9.0,1.0,,12.0,4.0,3.0,2.0,2.0,,,,,,,,,,52.0,,,,,,
양천구,신정4동,8003,20242,11470650,161,3.0,8.0,1.0,1.0,16.0,3.0,2.0,,2.0,,,,,,,,,1.0,18.0,,,,,,
강서구,염창동,5074,20242,11500510,147,5.0,3.0,,1.0,15.0,,2.0,2.0,,,,,,,,,,2.0,35.0,37308.95228821811,0.0,57.87120740019475,12336.745323741006,64.20719424460431,42.49696402877698
강서구,등촌1동,8471,20242,11500520,95,1.0,5.0,,1.0,10.0,,1.0,,,,,,1.0,,,,,,20.0,,,,,,
강서구,등촌2동,3099,20242,11500530,58,3.0,,,1.0,6.0,2.0,2.0,2.0,2.0,,,,,,,,,,8.0,,,,,,
강서구,등촌3동,7169,20242,11500535,184,6.0,3.0,1.0,2.0,18.0,2.0,5.0,2.0,4.0,,,,1.0,,,,,,55.0,,,,,,
강서구,화곡본동,8969,20242,11500590,145,3.0,,,1.0,11.0,1.0,2.0,,,,,,,,,,,,31.0,,,,,,
강서구,화곡2동,3430,20242,11500550,65,2.0,,,,3.0,2.0,1.0,,,,,,,,,,,,30.0,,,,,,
강서구,화곡3동,3931,20242,11500560,87,4.0,3.0,,,8.0,2.0,,,,,,,,,,,,,12.0,,,,,,
강서구,화곡4동,4142,20242,11500570,101,4.0,2.0,,,14.0,3.0,1.0,,2.0,,,,,,,,,,30.0,,,,,,
강서구,화곡6동,7007,20242,11500591,118,7.0,5.0,,,8.0,2.0,1.0,,,9.0,,,,,,,,,29.0,,,,,,
강서구,화곡8동,5288,20242,11500593,95,2.0,3.0,,,8.0,1.0,,,,,,,,,,,,1.0,33.0,,,,,,
강서구,가양1동,14191,20242,11500603,279,5.0,13.0,,,20.0,3.0,1.0,1.0,1.0,,,,1.0,2.0,,,,5.0,69.0,,,,,,
강서구,가양2동,4662,20242,11500604,75,4.0,3.0,,,7.0,3.0,1.0,1.0,1.0,,,,,,,,,1.0,14.0,,,,,,
강서구,가양3동,3742,20242,11500605,52,3.0,,,,4.0,3.0,2.0,1.0,1.0,,,,,,,,,1.0,13.0,,,,,,
강서구,발산1동,3271,20242,11500611,246,3.0,9.0,1.0,2.0,33.0,2.0,3.0,4.0,8.0,,,1.0,,,,,,,63.0,,,,,,
강서구,공항동,5895,20242,11500620,176,6.0,7.0,1.0,,11.0,1.0,2.0,2.0,,4.0,,,,,21.0,,,2.0,39.0,17371.626315789475,0.0,39.41528947368421,2415.987158908508,49.96468699839486,33.010561797752814
강서구,방화1동,5362,20242,11500630,200,2.0,3.0,,2.0,21.0,4.0,3.0,1.0,3.0,,,,,1.0,,,,1.0,46.0,,,,,,
강서구,방화2동,6370,20242,11500640,124,4.0,,,,7.0,3.0,1.0,1.0,,,,2.0,1.0,,4.0,,,5.0,37.0,,,,,,
강서구,방화3동,5332,20242,11500641,83,5.0,1.0,,,5.0,2.0,3.0,2.0,1.0,1.0,,,,,,,,1.0,22.0,,,,,,
강서구,화곡1동,15325,20242,11500540,226,3.0,2.0,,2.0,26.0,,2.0,1.0,,,,,1.0,,,,,2.0,27.0,,,,,,
강서구,우장산동,4472,20242,11500615,158,4.0,4.0,,3.0,12.0,3.0,2.0,,,5.0,,,,,,,,1.0,33.0,,,,,,
구로구,신도림동,3947,20242,11530510,168,5.0,4.0,,,12.0,2.0,1.0,1.0,1.0,1.0,,2.0,1.0,1.0,,,,3.0,43.0,42486.72628726287,0.0,65.91941734417344,14592.096726190475,87.21577380952381,54.456547619047626
구로구,구로1동,2446,20242,11530520,88,4.0,1.0,,,5.0,3.0,1.0,1.0,1.0,,,4.0,,,,,,,25.0,,,,,,
구로구,구로3동,8432,20242,11530540,187,7.0,18.0,,,15.0,1.0,2.0,1.0,,,,,,5.0,,,,2.0,47.0,,,,,,
구로구,구로4동,5556,20242,11530550,139,5.0,3.0,,,15.0,2.0,1.0,1.0,,,,1.0,,19.0,,,,,13.0,,,,,,
구로구,구로5동,8500,20242,11530560,167,5.0,4.0,,2.0,18.0,,3.0,1.0,1.0,2.0,1.0,,3.0,,,,,1.0,49.0,,,,,,
구로구,고척1동,3894,20242,11530720,135,5.0,4.0,1.0,1.0,9.0,,3.0,1.0,1.0,12.0,,8.0,,4.0,,,,,31.0,,,,,,
구로구,고척2동,4182,20242,11530730,128,5.0,2.0,,1.0,11.0,,2.0,1.0,1.0,,,,,,,,,,40.0,,,,,,
구로구,개봉2동,3501,20242,11530750,116,3.0,3.0,,,10.0,2.0,,,,,,1.0,1.0,,,,,,26.0,,,,,,
구로구,개봉3동,2894,20242,11530760,81,3.0,2.0,,,9.0,1.0,3.0,1.0,,,,1.0,1.0,,,,,,23.0,,,,,,
구로구,오류1동,7271,20242,11530770,122,5.0,4.0,,,11.0,3.0,1.0,,,,,,,,,,,1.0,22.0,,,,,,
구로구,수궁동,3375,20242,11530790,154,3.0,1.0,,,5.0,2.0,1.0,1.0,6.0,,,1.0,,,,,,3.0,69.0,,,,,,
구로구,가리봉동,4405,20242,11530595,74,,,,,6.0,,1.0,,1.0,,,,,23.0,,,,,8.0,13347.334728033473,0.0,33.86364016736402,2627.621928166352,43.51606805293006,24.894820415879018
구로구,구로2동,6344,20242,11530530,197,6.0,12.0,1.0,1.0,21.0,1.0,1.0,,1.0,,,7.0,,16.0,,,,1.0,48.0,,,,,,
구로구,개봉1동,5528,20242,11530740,163,5.0,3.0,,1.0,11.0,2.0,1.0,2.0,,4.0,,1.0,,,,,,1.0,57.0,,,,,,
구로구,오류2동,5062,20242,11530780,209,3.0,1.0,,1.0,9.0,6.0,3.0,2.0,1.0,,,,,,,,,1.0,86.0,,,,,,
구로구,항동,1658,20242,11530800,64,1.0,,,,2.0,1.0,1.0,,,10.0,,,,,,,,,37.0,37882.530120481926,0.0,76.25048192771084,7727.891891891892,29.208845208845208,46.345110565110566
금천구,가산동,14211,20242,11545510,304,10.0,25.0,,1.0,21.0,2.0,,,,,,,1.0,17.0,,,,3.0,111.0,18994.946475195826,0.0,27.43246736292428,3804.6081606217617,48.68847150259067,22.06604274611399
금천구,독산1동,13929,20242,11545610,217,3.0,6.0,,2.0,17.0,2.0,4.0,3.0,,,,,1.0,3.0,,,,,74.0,,,,,,
금천구,독산2동,4569,20242,11545620,73,2.0,1.0,,,8.0,,2.0,,,1.0,,,,,,,,,11.0,,,,,,
금천구,독산3동,6772,20242,11545630,119,4.0,4.0,,,14.0,2.0,2.0,2.0,1.0,,,1.0,,,,,,,29.0,,,,,,
금천구,독산4동,3740,20242,11545640,64,5.0,2.0,,1.0,4.0,,1.0,,,,,,,,,,,,16.0,,,,,,
금천구,시흥1동,7942,20242,11545670,223,9.0,7.0,1.0,2.0,25.0,2.0,3.0,1.0,1.0,,,,,3.0,,,,1.0,52.0,,,,,,
금천구,시흥2동,2274,20242,11545680,76,2.0,,,,3.0,2.0,3.0,1.0,2.0,,,,,,,,,,30.0,,,,,,
금천구,시흥3동,1608,20242,11545690,66,3.0,3.0,,,5.0,,1.0,1.0,1.0,,,,,1.0,,,,,21.0,,,,,,
금천구,시흥4동,3506,20242,11545700,72,1.0,1.0,,,6.0,,1.0,1.0,,,,,,,,,,,27.0,,,,,,
금천구,시흥5동,4210,20242,11545710,106,3.0,,,,16.0,2.0,3.0,,,,,,,,,,,,37.0,,,,,,
영등포구,여의동,4507,20242,11560540,399,23.0,70.0,1.0,,44.0,,2.0,2.0,2.0,,,,1.0,,,,,5.0,61.0,,,,,,
영등포구,당산1동,6547,20242,11560550,131,6.0,5.0,,1.0,8.0,1.0,,,,,,,,12.0,,,,2.0,23.0,,,,,,
영등포구,당산2동,10144,20242,11560560,192,6.0,4.0,,,20.0,3.0,2.0,2.0,,,,,,,,,,2.0,46.0,,,,,,
영등포구,양평1동,5464,20242,11560610,87,5.0,3.0,,1.0,6.0,,1.0,,1.0,,,,,1.0,,,,1.0,22.0,,,,,,
영등포구,양평2동,5240,20242,11560620,131,8.0,6.0,,,7.0,1.0,2.0,1.0,2.0,,,,,3.0,,,,1.0,35.0,,,,,,
영등포구,신길1동,7375,20242,11560630,85,1.0,2.0,1.0,1.0,13.0,,1.0,,,,,,,4.0,,,,2.0,25.0,,,,,,
영등포구,신길3동,3099,20242,11560650,102,3.0,5.0,,1.0,12.0,3.0,1.0,,,,,,,2.0,,,,,32.0,,,,,,
영등포구,신길4동,2384,20242,11560660,43,1.0,1.0,,,2.0,2.0,1.0,,,,,,,,,,,,13.0,,,,,,
영등포구,신길5동,1877,20242,11560670,66,3.0,,,,,1.0,1.0,1.0,1.0,,,,,5.0,,,,,31.0,,,,,,
영등포구,신길6동,4123,20242,11560680,123,4.0,1.0,,1.0,14.0,1.0,1.0,,1.0,,,1.0,,2.0,,,,1.0,29.0,,,,,,
영등포구,신길7동,2264,20242,11560690,78,5.0,1.0,,,7.0,1.0,1.0,,,,,,,1.0,,,,1.0,32.0,,,,,,
영등포구,대림1동,3170,20242,11560700,81,2.0,4.0,2.0,,18.0,,1.0,1.0,,,,2.0,,3.0,,,,,16.0,,,,,,
영등포구,대림2동,4030,20242,11560710,86,4.0,2.0,1.0,,16.0,,2.0,,,1.0,,,,1.0,,,,,13.0,,,,,,
영등포구,대림3동,4421,20242,11560720,126,2.0,7.0,,1.0,11.0,3.0,2.0,1.0,,2.0,,1.0,,,,,,2.0,46.0,,,,,,
영등포구,영등포본동,5075,20242,11560515,94,4.0,,,,10.0,2.0,2.0,1.0,2.0,,,,1.0,2.0,,,,1.0,23.0,,,,,,
영등포구,영등포동,16792,20242,11560535,325,10.0,17.0,2.0,2.0,37.0,,1.0,,,1.0,,,1.0,16.0,,,,1.0,41.0,37610.48351648352,0.0,56.464395604395605,7479.098360655737,65.15983606557377,43.23745901639344
영등포구,도림동,5217,20242,11560585,66,2.0,,,,6.0,2.0,,,,,,,,,,,,,28.0,26814.35185185185,0.0,52.01164021164021,4573.734197730956,57.040518638573744,39.56706645056726
영등포구,문래동,4052,20242,11560605,185,8.0,9.0,,,17.0,,3.0,2.0,,,,,,2.0,,,,1.0,56.0,,,,,,
동작구,노량진2동,4672,20242,11590520,72,5.0,4.0,,1.0,14.0,1.0,,,,,,,,1.0,,,,,14.0,,,,,,
동작구,상도1동,11720,20242,11590530,201,5.0,4.0,,1.0,16.0,2.0,2.0,1.0,,23.0,,,,,,,,2.0,47.0,17213.103448275862,0.0,31.796965517241382,3058.1686121919583,53.911802853437095,25.40112840466926
동작구,상도2동,5098,20242,11590540,154,6.0,3.0,,,16.0,1.0,1.0,1.0,,,,1.0,,1.0,,,,1.0,41.0,,,,,,
동작구,상도3동,6049,20242,11590550,113,2.0,2.0,,,11.0,,,1.0,,,,1.0,,,,,,,36.0,,,,,,
동작구,상도4동,6891,20242,11590560,112,3.0,1.0,,1.0,11.0,4.0,1.0,1.0,,,,,1.0,,,,,,36.0,,,,,,
동작구,사당1동,8871,20242,11590620,126,4.0,6.0,,2.0,12.0,1.0,1.0,,,1.0,,,1.0,1.0,,,,2.0,13.0,,,,,,
동작구,사당3동,3845,20242,11590640,88,3.0,1.0,,,5.0,,2.0,1.0,,3.0,,1.0,,,,,,1.0,30.0,,,,,,
동작구,사당4동,3732,20242,11590650,62,2.0,1.0,,,6.0,,,1.0,,,,1.0,,,,,,,4.0,,,,,,
동작구,사당5동,2842,20242,11590651,61,4.0,,,,3.0,1.0,2.0,1.0,1.0,,,,,,,,,,28.0,,,,,,
동작구,대방동,7601,20242,11590660,199,5.0,5.0,,,16.0,3.0,3.0,4.0,4.0,,,,,,,,,2.0,61.0,30442.9173290938,0.0,50.49378378378378,6474.5472103004295,55.52789699570816,34.48828326180257
동작구,신대방1동,4225,20242,11590670,83,3.0,1.0,,,10.0,3.0,1.0,1.0,,1.0,,,,,,,,1.0,15.0,,,,,,
동작구,신대방2동,5037,20242,11590680,109,7.0,7.0,1.0,,16.0,,1.0,1.0,1.0,,,,,,,,,,29.0,,,,,,
동작구,흑석동,4731,20242,11590605,195,6.0,6.0,1.0,,24.0,5.0,3.0,2.0,,16.0,,,,1.0,,,,1.0,50.0,58700.41062308478,0.0,76.80242083758937,13414.253918495298,80.64158829676072,55.93967607105538
동작구,노량진1동,9091,20242,11590510,180,5.0,4.0,,,14.0,2.0,3.0,1.0,,1.0,,,,2.0,,,,3.0,57.0,,,,,,
동작구,사당2동,4615,20242,11590630,179,3.0,2.0,,,14.0,,1.0,1.0,2.0,,,,,2.0,,,,4.0,36.0,,,,,,
관악구,보라매동,7160,20242,11620525,83,1.0,1.0,,,5.0,,1.0,1.0,1.0,,,,,,,,,,25.0,,,,,,
관악구,청림동,2135,20242,11620545,50,2.0,,,,4.0,2.0,,,,,,,,2.0,,,,,7.0,,,,,,
관악구,행운동,12334,20242,11620575,111,3.0,3.0,1.0,2.0,12.0,1.0,2.0,2.0,1.0,,,,,,,,,,15.0,,,,,,
관악구,낙성대동,9002,20242,11620585,148,2.0,3.0,,,10.0,,1.0,,,37.0,,,,2.0,,,,,37.0,,,,,,
관악구,중앙동,7336,20242,11620615,83,1.0,3.0,,1.0,14.0,,1.0,,,,,,,,,,,1.0,12.0,,,,,,
관악구,인헌동,9038,20242,11620625,105,2.0,5.0,,,14.0,1.0,,1.0,1.0,,,2.0,,,,,,1.0,23.0,,,,,,
관악구,남현동,5726,20242,11620630,70,3.0,1.0,,,6.0,1.0,1.0,,,1.0,,,,,,,,,6.0,25021.23943661972,0.0,42.57202816901408,6177.470921985816,52.12482269503546,31.97170212765957
관악구,서원동,10526,20242,11620645,94,3.0,1.0,1.0,1.0,9.0,,,1.0,,,,,1.0,,,,,,27.0,,,,,,
관악구,신원동,7472,20242,11620655,54,6.0,1.0,,,7.0,,1.0,,,1.0,,,,,,,,,10.0,,,,,,
관악구,서림동,10551,20242,11620665,74,2.0,,,,5.0,1.0,1.0,1.0,,,,,,,,,,,34.0,,,,,,
관악구,신사동,9949,20242,11680510,260,3.0,14.0,,,36.0,2.0,1.0,1.0,2.0,,1.0,,1.0,,,,,1.0,12.0,,,,,,
관악구,신림동,16291,20242,11620695,168,2.0,3.0,,,17.0,,,,,,,,,4.0,,,,1.0,16.0,18962.96034892942,0.0,41.02965635738832,3843.506939047408,48.55501276784723,29.824952814477623
관악구,난향동,1996,20242,11620715,68,1.0,,,,5.0,,1.0,,,,,,,,,,,,34.0,,,,,,
관악구,조원동,7949,20242,11620725,96,3.0,1.0,,1.0,12.0,,1.0,,,,,1.0,,,,,,,30.0,,,,,,
관악구,대학동,13555,20242,11620735,283,5.0,6.0,,,11.0,,1.0,1.0,2.0,140.0,,,,,,,,,73.0,,,,,,
관악구,은천동,7701,20242,11620605,123,6.0,,,,9.0,3.0,1.0,,1.0,,,,,,,,,,43.0,,,,,,
관악구,성현동,4307,20242,11620565,104,4.0,,,,6.0,3.0,2.0,1.0,1.0,,,,,,,,,,38.0,,,,,,
관악구,청룡동,17788,20242,11620595,147,5.0,6.0,,1.0,23.0,,2.0,2.0,3.0,,,1.0,1.0,1.0,,,,1.0,15.0,,,,,,
관악구,난곡동,6055,20242,11620775,95,2.0,1.0,,,11.0,2.0,1.0,2.0,1.0,,,1.0,,,,,,,28.0,,,,,,
관악구,삼성동,4167,20242,11620745,94,3.0,,,,7.0,,2.0,,1.0,,,,,3.0,,,,,44.0,,,,,,
관악구,미성동,6318,20242,11620765,126,3.0,3.0,,1.0,11.0,1.0,2.0,2.0,2.0,,,,,1.0,,,,,44.0,,,,,,
서초구,서초1동,4304,20242,11650510,194,4.0,10.0,,1.0,14.0,,2.0,,,13.0,,,,,,,,2.0,38.0,,,,,,
서초구,서초2동,5080,20242,11650520,217,8.0,26.0,,,24.0,,1.0,1.0,1.0,,,,,1.0,,,,2.0,47.0,,,,,,
서초구,서초3동,7326,20242,11650530,332,25.0,30.0,,3.0,30.0,1.0,1.0,1.0,3.0,2.0,,,,,,,1.0,2.0,77.0,,,,,,
서초구,서초4동,2290,20242,11650531,257,2.0,13.0,,1.0,31.0,2.0,2.0,1.0,,,,,1.0,,,,,,36.0,,,,,,
서초구,잠원동,3507,20242,11650540,135,3.0,8.0,,,13.0,1.0,1.0,1.0,,,,,,,,,,2.0,23.0,77424.42255892255,0.0,81.52638888888889,26747.124892334195,142.77347114556417,66.89605512489234
서초구,반포본동,54,20242,11650550,33,1.0,3.0,,,2.0,,1.0,2.0,2.0,,,1.0,,,,,,1.0,5.0,,,,,,
서초구,반포1동,6169,20242,11650560,140,6.0,6.0,,1.0,20.0,1.0,2.0,1.0,1.0,,,,,,,,,1.0,26.0,,,,,,
서초구,반포2동,922,20242,11650570,74,4.0,5.0,,,5.0,,2.0,1.0,,,,1.0,,,,,,1.0,25.0,,,,,,
서초구,반포3동,1327,20242,11650580,109,3.0,7.0,,,11.0,,1.0,1.0,,,,,,,,,,,18.0,,,,,,
서초구,반포4동,1803,20242,11650581,130,7.0,12.0,1.0,,12.0,,,1.0,,3.0,,,1.0,,,,,3.0,33.0,,,,,,
서초구,방배본동,2384,20242,11650590,103,2.0,6.0,,,16.0,,1.0,,,,,1.0,,,,,,,25.0,,,,,,
서초구,방배1동,3008,20242,11650600,102,3.0,4.0,,1.0,10.0,,1.0,,,3.0,,1.0,,,,,,1.0,19.0,,,,,,
서초구,방배2동,2857,20242,11650610,114,4.0,2.0,,,3.0,,1.0,1.0,1.0,,,1.0,,1.0,,,,1.0,37.0,,,,,,
서초구,방배3동,1313,20242,11650620,112,4.0,3.0,,2.0,6.0,,2.0,,1.0,7.0,,,,,,,,,50.0,,,,,,
서초구,방배4동,3421,20242,11650621,156,3.0,10.0,,,11.0,,1.0,,1.0,4.0,,,,1.0,,,,1.0,31.0,,,,,,
서초구,양재1동,6296,20242,11650651,263,12.0,11.0,,1.0,20.0,3.0,4.0,1.0,,1.0,,,,,,,,2.0,86.0,,,,,,
서초구,양재2동,5684,20242,11650652,147,2.0,16.0,,,11.0,,1.0,2.0,1.0,,,1.0,,,,,,1.0,57.0,,,,,,
서초구,내곡동,2205,20242,11650660,161,5.0,1.0,,1.0,2.0,2.0,1.0,,,3.0,,1.0,,,,,,1.0,85.0,39293.29775280899,0.0,65.26553370786516,12403.239382239382,58.85714285714285,56.31795366795367
강남구,신사동,2572,20242,11680510,260,3.0,14.0,,,36.0,2.0,1.0,1.0,2.0,,1.0,,1.0,,,,,1.0,12.0,38542.1377245509,0.0,60.37538922155689,5454.602803738318,93.13084112149532,40.12901869158879
강남구,개포3동,2547,20242,11680740,66,3.0,3.0,,,6.0,2.0,1.0,1.0,,,,,,,,,,1.0,13.0,,,,,,
강남구,논현1동,9351,20242,11680521,300,4.0,15.0,,4.0,42.0,,1.0,,,,,1.0,8.0,,,,,3.0,23.0,,,,,,
강남구,논현2동,6434,20242,11680531,240,8.0,16.0,,5.0,29.0,1.0,1.0,1.0,,4.0,,,2.0,,,,,1.0,33.0,,,,,,
강남구,삼성1동,1983,20242,11680580,199,6.0,26.0,,3.0,13.0,1.0,1.0,1.0,1.0,,1.0,,1.0,,,,,3.0,38.0,,,,,,
강남구,삼성2동,6047,20242,11680590,177,10.0,11.0,,,11.0,,1.0,1.0,,1.0,,,,,,,,4.0,28.0,,,,,,
강남구,대치1동,567,20242,11680600,130,4.0,11.0,,,13.0,1.0,1.0,1.0,2.0,1.0,,,,,,,,,24.0,,,,,,
강남구,대치4동,5397,20242,11680630,159,4.0,12.0,1.0,1.0,18.0,,1.0,,,1.0,1.0,,,,,,,,14.0,,,,,,
강남구,역삼1동,17495,20242,11680640,542,15.0,49.0,1.0,3.0,64.0,1.0,1.0,,,,,,3.0,1.0,,,,1.0,44.0,,,,,,
강남구,역삼2동,6539,20242,11680650,195,3.0,14.0,,2.0,25.0,,1.0,2.0,1.0,1.0,,,,,,,,,31.0,,,,,,
강남구,도곡1동,2627,20242,11680655,142,4.0,9.0,1.0,4.0,20.0,2.0,1.0,2.0,1.0,,,,,,,,,1.0,27.0,,,,,,
강남구,도곡2동,2106,20242,11680656,118,7.0,23.0,,,10.0,2.0,1.0,1.0,2.0,,,,,,,,,3.0,25.0,,,,,,
강남구,개포1동,937,20242,11680660,38,1.0,1.0,,,1.0,,1.0,2.0,,,,,,,,,,,29.0,,,,,,
강남구,개포4동,3690,20242,11680690,115,3.0,4.0,,,7.0,,2.0,1.0,1.0,,,,,,,,,,49.0,,,,,,
강남구,일원본동,1500,20242,11680720,103,2.0,6.0,1.0,,15.0,2.0,2.0,1.0,2.0,,,,,,,,,1.0,32.0,,,,,,
강남구,일원1동,3603,20242,11680730,74,4.0,1.0,,,11.0,1.0,2.0,,1.0,,,,,,,,,,18.0,,,,,,
강남구,수서동,3886,20242,11680750,89,3.0,3.0,,,11.0,2.0,1.0,1.0,2.0,,,,,,,,,2.0,23.0,44935.51347068146,0.0,54.73838351822504,12604.646048109966,97.62199312714776,49.294536082474224
강남구,세곡동,7035,20242,11680700,191,4.0,1.0,,,9.0,3.0,4.0,1.0,1.0,,,,,,,,,,95.0,37800.767515923566,0.0318471337579617,66.78015923566879,11904.68870523416,69.65289256198348,55.13347107438017
강남구,압구정동,2686,20242,11680545,313,4.0,25.0,,5.0,30.0,1.0,1.0,2.0,2.0,,2.0,1.0,3.0,,,,,2.0,18.0,85991.77653631284,0.0,108.93711359404097,31110.622950819677,233.15081967213115,107.20249180327868
강남구,청담동,4324,20242,11680565,288,11.0,19.0,,4.0,27.0,2.0,2.0,1.0,1.0,1.0,,,,,,,,3.0,23.0,77365.89588377724,0.0,79.21280871670702,20036.29213483146,208.70304975922957,62.47025682182986
강남구,대치2동,2520,20242,11680610,210,6.0,26.0,,2.0,20.0,,2.0,1.0,1.0,,,,,,,,,2.0,39.0,,,,,,
강남구,개포2동,2577,20242,11680670,135,3.0,3.0,,,9.0,5.0,4.0,1.0,3.0,,,,,,,,,3.0,50.0,,,,,,
송파구,풍납1동,2318,20242,11710510,48,3.0,,,1.0,6.0,1.0,1.0,,,,,,,,,,,,6.0,,,,,,
송파구,풍납2동,4134,20242,11710520,125,5.0,5.0,1.0,,26.0,2.0,2.0,3.0,1.0,3.0,,,,,,,,1.0,24.0,,,,,,
송파구,거여1동,2235,20242,11710531,48,2.0,,,,2.0,,1.0,,1.0,,,,,1.0,,,,1.0,6.0,,,,,,
송파구,거여2동,3342,20242,11710532,78,3.0,3.0,,1.0,12.0,1.0,1.0,1.0,,,,,,,,,,,11.0,,,,,,
송파구,마천1동,3618,20242,11710540,73,4.0,1.0,,,8.0,1.0,1.0,,,,,,,1.0,,,,1.0,15.0,,,,,,
송파구,마천2동,3655,20242,11710550,93,3.0,2.0,,,14.0,,1.0,,,,,,,,,,,,12.0,,,,,,
송파구,방이1동,1908,20242,11710561,73,2.0,1.0,,,10.0,2.0,2.0,1.0,1.0,,,,,,,,,1.0,11.0,,,,,,
송파구,방이2동,9979,20242,11710562,164,3.0,5.0,,,18.0,,1.0,1.0,,,,,,,,,,1.0,13.0,,,,,,
송파구,오륜동,692,20242,11710566,74,4.0,6.0,,,6.0,1.0,2.0,2.0,3.0,11.0,,,,,,,,3.0,15.0,,,,,,
송파구,오금동,4889,20242,11710570,134,5.0,5.0,,,13.0,3.0,3.0,4.0,2.0,,,,,,,,,3.0,27.0,39627.30176565008,0.0,66.92313001605136,10174.60251046025,65.05648535564853,49.51974895397489
송파구,송파1동,6672,20242,11710580,102,2.0,4.0,,3.0,14.0,1.0,1.0,,,,,,,,,,,2.0,13.0,,,,,,
송파구,송파2동,1813,20242,11710590,79,3.0,1.0,,,11.0,3.0,1.0,2.0,3.0,,,,,,,,,,7.0,,,,,,
송파구,석촌동,9540,20242,11710600,159,3.0,7.0,,2.0,27.0,3.0,2.0,,,,,,,,,,,,20.0,26028.90106007067,0.0,42.75286219081272,7760.1463722397475,54.19369085173501,36.24643533123028
송파구,삼전동,9058,20242,11710610,118,4.0,2.0,,,14.0,3.0,1.0,1.0,1.0,,,,,1.0,,,,1.0,12.0,23785.482278481013,0.0,43.144316455696206,8072.194092827004,51.31826401446654,37.14774562989753
송파구,가락본동,4777,20242,11710620,144,5.0,9.0,1.0,5.0,21.0,1.0,2.0,2.0,,,,,,,,,,,21.0,,,,,,
송파구,가락1동,1624,20242,11710631,82,2.0,8.0,,,13.0,1.0,1.0,1.0,,,,1.0,,,,,,3.0,16.0,,,,,,
송파구,가락2동,3585,20242,11710632,143,3.0,6.0,,,17.0,4.0,2.0,1.0,,,,,,,,,,1.0,22.0,,,,,,
송파구,문정1동,3137,20242,11710641,70,3.0,1.0,,,5.0,1.0,1.0,1.0,,,,,,,,,,,19.0,,,,,,
송파구,문정2동,9144,20242,11710642,149,10.0,12.0,,1.0,22.0,,1.0,,,,,,2.0,,,,,3.0,14.0,,,,,,
송파구,잠실본동,9762,20242,11710650,192,5.0,9.0,,1.0,24.0,,1.0,,,,,,,,,,,1.0,12.0,,,,,,
송파구,잠실4동,1057,20242,11710690,74,3.0,3.0,,,10.0,1.0,2.0,,1.0,,,,,,,,,2.0,7.0,,,,,,
송파구,잠실6동,974,20242,11710710,144,4.0,17.0,,1.0,23.0,,1.0,1.0,,,,,1.0,,,,,2.0,13.0,,,,,,
송파구,잠실7동,534,20242,11710720,30,2.0,4.0,,,4.0,,1.0,2.0,1.0,,,,,,,,,2.0,3.0,,,,,,
송파구,잠실2동,1628,20242,11710670,91,4.0,6.0,,,14.0,1.0,2.0,2.0,2.0,,,,,,,,,1.0,5.0,,,,,,
송파구,잠실3동,1838,20242,11710680,103,5.0,9.0,,,11.0,1.0,3.0,,1.0,,,,,,,,,,16.0,,,,,,
송파구,장지동,3801,20242,11710646,136,4.0,3.0,,,10.0,1.0,2.0,1.0,3.0,,,,1.0,,,,,1.0,41.0,47118.98511166253,0.0,70.38258064516128,13243.505703422054,64.81749049429658,58.24252217997465
송파구,위례동,2159,20242,11710647,84,3.0,1.0,,,5.0,2.0,2.0,1.0,,,,,,,,,,,32.0,,,,,,
강동구,명일1동,2636,20242,11740530,151,5.0,6.0,,2.0,17.0,,1.0,,,,,,,,,,,1.0,22.0,,,,,,
강동구,명일2동,1705,20242,11740540,107,3.0,6.0,,,18.0,4.0,2.0,,1.0,,,,,,,,,,18.0,,,,,,
강동구,고덕1동,1395,20242,11740550,92,3.0,,,,4.0,1.0,2.0,1.0,1.0,,,,,,,,,1.0,26.0,,,,,,
강동구,고덕2동,2376,20242,11740560,78,3.0,1.0,,,9.0,1.0,2.0,1.0,2.0,,,,,,,,,1.0,25.0,,,,,,
강동구,암사2동,2139,20242,11740580,61,1.0,3.0,,,6.0,1.0,2.0,,,,,,,,,,,1.0,6.0,,,,,,
강동구,암사3동,1092,20242,11740590,50,2.0,1.0,,,5.0,1.0,,2.0,1.0,,,,,,,,,,12.0,,,,,,
강동구,천호1동,5929,20242,11740600,92,4.0,1.0,,,11.0,,1.0,1.0,1.0,1.0,,,1.0,,,,,1.0,11.0,,,,,,
강동구,천호3동,8028,20242,11740620,115,4.0,3.0,,2.0,14.0,,,1.0,,,,,,1.0,,,,,11.0,,,,,,
강동구,성내1동,2692,20242,11740640,98,6.0,4.0,,2.0,9.0,1.0,2.0,1.0,,1.0,,,1.0,,,,,,20.0,,,,,,
강동구,성내2동,7701,20242,11740650,113,2.0,3.0,,4.0,14.0,,,,,,,,1.0,,,,,3.0,16.0,,,,,,
강동구,성내3동,4565,20242,11740660,136,4.0,5.0,,,13.0,2.0,,,,2.0,,,,,,,,1.0,13.0,,,,,,
강동구,둔촌1동,22,20242,11740690,14,,,,,,,2.0,,1.0,,,,,,,,,1.0,6.0,,,,,,
강동구,둔촌2동,3536,20242,11740700,129,5.0,4.0,1.0,,17.0,2.0,1.0,2.0,1.0,,,,,,,,,1.0,32.0,,,,,,
강동구,암사1동,6762,20242,11740570,90,2.0,1.0,,,8.0,1.0,1.0,,,1.0,,1.0,,,,,,,13.0,,,,,,
강동구,천호2동,9072,20242,11740610,203,4.0,3.0,,1.0,26.0,1.0,1.0,1.0,,,,,,3.0,,,,,22.0,,,,,,
강동구,길동,10245,20242,11740685,242,6.0,10.0,1.0,4.0,34.0,4.0,3.0,1.0,,1.0,,,,,,,,1.0,36.0,25257.74574347333,0.0,45.21870601589103,5802.086726998492,54.45324283559577,34.798891402714936
강동구,강일동,3603,20242,11740515,187,5.0,3.0,,,12.0,2.0,2.0,2.0,1.0,,,,,,,,,3.0,79.0,26416.23811983471,0.0,69.32453512396694,5696.990816326531,26.23265306122449,42.627663265306126
강동구,상일동,3784,20242,11740520,105,4.0,2.0,1.0,,8.0,4.0,2.0,2.0,5.0,,,,,,,,,,37.0,46196.38789025544,0.0,72.99985808893094,12457.323335771764,53.3730797366496,46.144316020482805
